furo;profundidade;nspt;solo;na
SP-01;1;4;Argila arenosa;6
SP-01;2;4;Argila arenosa;
SP-01;3;5;Argila arenosa;
SP-01;4;6;Argila arenosa;
SP-01;5;7;Argila arenosa;
SP-01;6;8;Areia siltosa;
SP-01;7;9;Areia siltosa;
SP-01;8;10;Areia siltosa;
SP-01;9;11;Areia siltosa;
SP-01;10;12;Areia siltosa;
SP-01;11;13;Areia siltosa;
SP-01;12;13;Areia siltosa;
SP-01;13;14;Areia siltosa;
SP-01;14;15;Areia siltosa;
SP-01;15;16;Areia siltosa;
SP-01;16;17;Areia siltosa;
SP-01;17;18;Areia siltosa;
SP-01;18;19;Areia siltosa;
SP-01;19;20;Areia siltosa;
SP-01;20;21;Areia siltosa;
SP-01;21;22;Silte argiloso;
SP-01;22;22;Silte argiloso;
SP-01;23;23;Silte argiloso;
SP-01;24;24;Silte argiloso;
SP-01;25;25;Silte argiloso;
SP-01;26;26;Silte argiloso;
SP-01;27;27;Silte argiloso;
SP-01;28;28;Silte argiloso;
SP-01;29;29;Silte argiloso;
SP-01;30;30;Silte argiloso;
SP-02;1;3;Argila siltosa;4,5
SP-02;2;3;Argila siltosa;
SP-02;3;4;Argila siltosa;
SP-02;4;5;Argila siltosa;
SP-02;5;6;Areia argilosa;
SP-02;6;7;Areia argilosa;
SP-02;7;7;Areia argilosa;
SP-02;8;8;Areia argilosa;
SP-02;9;9;Areia argilosa;
SP-02;10;10;Areia argilosa;
SP-02;11;11;Areia argilosa;
SP-02;12;11;Areia argilosa;
SP-02;13;12;Areia argilosa;
SP-02;14;13;Areia argilosa;
SP-02;15;14;Areia argilosa;
SP-02;16;15;Areia argilosa;
SP-02;17;15;Areia argilosa;
SP-02;18;16;Areia argilosa;
SP-02;19;17;Silte arenoso;
SP-02;20;18;Silte arenoso;
SP-02;21;19;Silte arenoso;
SP-02;22;19;Silte arenoso;
SP-02;23;20;Silte arenoso;
SP-02;24;21;Silte arenoso;
SP-02;25;22;Silte arenoso;
SP-02;26;23;Silte arenoso;
SP-02;27;23;Silte arenoso;
SP-02;28;24;Silte arenoso;
SP-02;29;25;Silte arenoso;
SP-02;30;26;Silte arenoso;
